CPE ID,CVE ID,CVSS,Severity,Published,Last Modified
cpe:2.3:a:microsoft:edge:-,CVE-2015-0311,9.8,CRITICAL,2015-01-23T21:59:04.897,2025-04-12T10:46:40.837
cpe:2.3:a:microsoft:edge:-,CVE-2015-0313,9.8,CRITICAL,2015-02-02T19:59:00.053,2025-04-12T10:46:40.837
cpe:2.3:a:microsoft:edge:-,CVE-2015-2441,9.3,,2015-08-14T10:59:00.113,2025-04-12T10:46:40.837
cpe:2.3:a:microsoft:edge:-,CVE-2015-2442,9.3,,2015-08-14T10:59:01.237,2025-04-12T10:46:40.837
cpe:2.3:a:microsoft:edge:-,CVE-2015-2446,9.3,,2015-08-14T10:59:05.533,2025-04-12T10:46:40.837
cpe:2.3:a:microsoft:edge:-,CVE-2015-2449,4.3,,2015-08-14T10:59:08.707,2025-04-12T10:46:40.837
cpe:2.3:a:microsoft:edge:-,CVE-2015-2485,9.3,,2015-09-09T00:59:03.567,2025-04-12T10:46:40.837
cpe:2.3:a:microsoft:edge:-,CVE-2015-2486,9.3,,2015-09-09T00:59:04.787,2025-04-12T10:46:40.837
cpe:2.3:a:microsoft:edge:-,CVE-2015-2494,9.3,,2015-09-09T00:59:12.397,2025-04-12T10:46:40.837
cpe:2.3:a:microsoft:edge:-,CVE-2015-2542,9.3,,2015-09-09T00:59:49.253,2025-04-12T10:46:40.837
cpe:2.3:a:microsoft:edge:-,CVE-2015-6057,5.0,,2015-10-14T01:59:27.577,2025-04-12T10:46:40.837
cpe:2.3:a:microsoft:edge:-,CVE-2015-6058,4.3,,2015-10-14T01:59:28.560,2025-04-12T10:46:40.837
cpe:2.3:a:microsoft:edge:-,CVE-2015-6064,9.3,,2015-11-11T11:59:34.693,2025-04-12T10:46:40.837
cpe:2.3:a:microsoft:edge:-,CVE-2015-6073,9.3,,2015-11-11T12:59:15.487,2025-04-12T10:46:40.837
cpe:2.3:a:microsoft:edge:-,CVE-2015-6078,9.3,,2015-11-11T12:59:20.160,2025-04-12T10:46:40.837
cpe:2.3:a:microsoft:edge:-,CVE-2015-6088,4.3,,2015-11-11T12:59:28.960,2025-04-12T10:46:40.837
cpe:2.3:a:microsoft:edge:-,CVE-2015-6139,9.3,,2015-12-09T11:59:22.510,2025-04-12T10:46:40.837
cpe:2.3:a:microsoft:edge:-,CVE-2015-6140,9.3,,2015-12-09T11:59:23.700,2025-04-12T10:46:40.837
cpe:2.3:a:microsoft:edge:-,CVE-2015-6142,9.3,,2015-12-09T11:59:25.717,2025-04-12T10:46:40.837
cpe:2.3:a:microsoft:edge:-,CVE-2015-6151,9.3,,2015-12-09T11:59:35.253,2025-04-12T10:46:40.837
cpe:2.3:a:microsoft:edge:-,CVE-2015-6153,9.3,,2015-12-09T11:59:37.053,2025-04-12T10:46:40.837
cpe:2.3:a:microsoft:edge:-,CVE-2015-6154,9.3,,2015-12-09T11:59:38.177,2025-04-12T10:46:40.837
cpe:2.3:a:microsoft:edge:-,CVE-2015-6155,9.3,,2015-12-09T11:59:39.007,2025-04-12T10:46:40.837
cpe:2.3:a:microsoft:edge:-,CVE-2015-6158,9.3,,2015-12-09T11:59:42.057,2025-04-12T10:46:40.837
cpe:2.3:a:microsoft:edge:-,CVE-2015-6159,9.3,,2015-12-09T11:59:43.227,2025-04-12T10:46:40.837
cpe:2.3:a:microsoft:edge:-,CVE-2015-6168,9.3,,2015-12-09T11:59:49.873,2025-04-12T10:46:40.837
cpe:2.3:a:microsoft:edge:-,CVE-2015-6169,4.3,,2015-12-09T11:59:50.703,2025-04-12T10:46:40.837
cpe:2.3:a:microsoft:edge:-,CVE-2015-6170,6.8,,2015-12-09T11:59:51.607,2025-04-12T10:46:40.837
cpe:2.3:a:microsoft:edge:-,CVE-2015-6176,4.3,,2015-12-09T11:59:57.427,2025-04-12T10:46:40.837
cpe:2.3:a:microsoft:edge:-,CVE-2016-0003,9.6,CRITICAL,2016-01-13T05:59:02.683,2025-04-12T10:46:40.837
cpe:2.3:a:microsoft:edge:-,CVE-2016-0024,8.8,HIGH,2016-01-13T05:59:17.810,2025-04-12T10:46:40.837
cpe:2.3:a:microsoft:edge:-,CVE-2016-0060,8.8,HIGH,2016-02-10T11:59:23.927,2025-04-12T10:46:40.837
cpe:2.3:a:microsoft:edge:-,CVE-2016-0061,8.8,HIGH,2016-02-10T11:59:24.910,2025-04-12T10:46:40.837
cpe:2.3:a:microsoft:edge:-,CVE-2016-0062,8.8,HIGH,2016-02-10T11:59:25.893,2025-04-12T10:46:40.837
cpe:2.3:a:microsoft:edge:-,CVE-2016-0077,4.3,MEDIUM,2016-02-10T11:59:32.317,2025-04-12T10:46:40.837
cpe:2.3:a:microsoft:edge:-,CVE-2016-0080,4.3,MEDIUM,2016-02-10T11:59:33.397,2025-04-12T10:46:40.837
cpe:2.3:a:microsoft:edge:-,CVE-2016-0084,8.8,HIGH,2016-02-10T11:59:34.300,2025-04-12T10:46:40.837
cpe:2.3:a:microsoft:edge:-,CVE-2016-0102,7.5,HIGH,2016-03-09T11:59:12.543,2025-04-12T10:46:40.837
cpe:2.3:a:microsoft:edge:-,CVE-2016-0105,7.5,HIGH,2016-03-09T11:59:15.327,2025-04-12T10:46:40.837
cpe:2.3:a:microsoft:edge:-,CVE-2016-0109,7.5,HIGH,2016-03-09T11:59:18.950,2025-04-12T10:46:40.837
cpe:2.3:a:microsoft:edge:-,CVE-2016-0110,7.5,HIGH,2016-03-09T11:59:19.857,2025-04-12T10:46:40.837
cpe:2.3:a:microsoft:edge:-,CVE-2016-0111,7.5,HIGH,2016-03-09T11:59:20.747,2025-04-12T10:46:40.837
cpe:2.3:a:microsoft:edge:-,CVE-2016-0116,7.5,HIGH,2016-03-09T11:59:24.593,2025-04-12T10:46:40.837
cpe:2.3:a:microsoft:edge:-,CVE-2016-0123,7.5,HIGH,2016-03-09T11:59:29.233,2025-04-12T10:46:40.837
cpe:2.3:a:microsoft:edge:-,CVE-2016-0124,7.5,HIGH,2016-03-09T11:59:30.170,2025-04-12T10:46:40.837
cpe:2.3:a:microsoft:edge:-,CVE-2016-0125,3.1,LOW,2016-03-09T11:59:31.047,2025-04-12T10:46:40.837
cpe:2.3:a:microsoft:edge:-,CVE-2016-0129,7.5,HIGH,2016-03-09T11:59:31.937,2025-04-12T10:46:40.837
cpe:2.3:a:microsoft:edge:-,CVE-2016-0130,7.5,HIGH,2016-03-09T11:59:32.860,2025-04-12T10:46:40.837
cpe:2.3:a:microsoft:edge:-,CVE-2016-0154,7.5,HIGH,2016-04-12T23:59:17.923,2025-04-12T10:46:40.837
cpe:2.3:a:microsoft:edge:-,CVE-2016-0155,7.5,HIGH,2016-04-12T23:59:18.877,2025-04-12T10:46:40.837
cpe:2.3:a:apache:log4j:2.14.1,CVE-2021-44228,10.0,CRITICAL,2021-12-10T10:15:09.143,2025-08-08T18:52:00.230
cpe:2.3:a:apache:log4j:2.14.1,CVE-2021-45046,9.0,CRITICAL,2021-12-14T19:15:07.733,2025-03-12T19:52:00.270
cpe:2.3:a:apache:log4j:2.14.1,CVE-2021-45105,5.9,MEDIUM,2021-12-18T12:15:07.433,2024-11-21T06:31:58.170
cpe:2.3:a:apache:log4j:2.14.1,CVE-2021-44832,6.6,MEDIUM,2021-12-28T20:15:08.400,2024-11-21T06:31:34.783
cpe:2.3:a:openssl:openssl:3.0.0,CVE-2009-1390,6.8,,2009-06-16T21:00:00.343,2025-04-09T00:30:58.490
cpe:2.3:a:openssl:openssl:3.0.0,CVE-2009-3765,6.8,,2009-10-23T19:30:00.203,2025-04-09T00:30:58.490
cpe:2.3:a:openssl:openssl:3.0.0,CVE-2009-3766,6.8,,2009-10-23T19:30:00.233,2025-04-09T00:30:58.490
cpe:2.3:a:openssl:openssl:3.0.0,CVE-2009-3767,4.3,,2009-10-23T19:30:00.250,2025-04-09T00:30:58.490
cpe:2.3:a:openssl:openssl:3.0.0,CVE-2019-0190,7.5,HIGH,2019-01-30T22:29:00.497,2024-11-21T04:16:26.850
cpe:2.3:a:openssl:openssl:3.0.0,CVE-2021-4044,7.5,HIGH,2021-12-14T19:15:07.807,2024-11-21T06:36:47.243
cpe:2.3:a:openssl:openssl:3.0.0,CVE-2022-0778,7.5,HIGH,2022-03-15T17:15:08.513,2024-11-21T06:39:22.540
cpe:2.3:a:openssl:openssl:3.0.0,CVE-2022-1292,9.8,CRITICAL,2022-05-03T16:15:18.823,2025-05-05T17:17:33.950
cpe:2.3:a:openssl:openssl:3.0.0,CVE-2022-1343,5.3,MEDIUM,2022-05-03T16:15:18.873,2025-05-05T17:17:34.273
cpe:2.3:a:openssl:openssl:3.0.0,CVE-2022-1434,5.9,MEDIUM,2022-05-03T16:15:18.917,2024-11-21T06:40:43.607
cpe:2.3:a:openssl:openssl:3.0.0,CVE-2022-1473,7.5,HIGH,2022-05-03T16:15:18.957,2025-05-05T17:17:34.867
cpe:2.3:a:openssl:openssl:3.0.0,CVE-2022-2068,9.8,CRITICAL,2022-06-21T15:15:09.060,2025-05-05T17:18:08.610
cpe:2.3:a:openssl:openssl:3.0.0,CVE-2022-2097,5.3,MEDIUM,2022-07-05T11:15:08.340,2024-11-21T07:00:18.757
cpe:2.3:a:openssl:openssl:3.0.0,CVE-2022-3358,7.5,HIGH,2022-10-11T15:15:10.233,2024-11-21T07:19:21.990
cpe:2.3:a:openssl:openssl:3.0.0,CVE-2022-3602,7.5,HIGH,2022-11-01T18:15:10.983,2025-05-05T16:15:19.860
cpe:2.3:a:openssl:openssl:3.0.0,CVE-2022-3786,7.5,HIGH,2022-11-01T18:15:11.047,2025-05-05T16:15:20.137
cpe:2.3:a:openssl:openssl:3.0.0,CVE-2022-3996,7.5,HIGH,2022-12-13T16:15:22.007,2024-11-21T07:20:42.003
cpe:2.3:a:openssl:openssl:3.0.0,CVE-2022-4304,5.9,MEDIUM,2023-02-08T20:15:23.887,2025-03-20T21:15:14.890
cpe:2.3:a:openssl:openssl:3.0.0,CVE-2022-4450,7.5,HIGH,2023-02-08T20:15:23.973,2025-05-05T16:15:22.940
cpe:2.3:a:openssl:openssl:3.0.0,CVE-2023-0215,7.5,HIGH,2023-02-08T20:15:24.107,2025-05-05T16:15:24.900
cpe:2.3:a:openssl:openssl:3.0.0,CVE-2023-0216,7.5,HIGH,2023-02-08T20:15:24.160,2025-05-05T16:15:25.117
cpe:2.3:a:openssl:openssl:3.0.0,CVE-2023-0217,7.5,HIGH,2023-02-08T20:15:24.213,2025-05-05T16:15:25.353
cpe:2.3:a:openssl:openssl:3.0.0,CVE-2023-0286,7.4,HIGH,2023-02-08T20:15:24.267,2025-03-20T21:15:16.550
cpe:2.3:a:openssl:openssl:3.0.0,CVE-2023-0401,7.5,HIGH,2023-02-08T20:15:24.323,2025-05-05T16:15:25.513
cpe:2.3:a:openssl:openssl:3.0.0,CVE-2022-4203,4.9,MEDIUM,2023-02-24T15:15:11.980,2025-03-20T21:15:14.713
cpe:2.3:a:openssl:openssl:3.0.0,CVE-2023-0464,7.5,HIGH,2023-03-22T17:15:13.130,2025-05-05T16:15:26.103
cpe:2.3:a:openssl:openssl:3.0.0,CVE-2023-0465,5.3,MEDIUM,2023-03-28T15:15:06.820,2025-02-18T21:15:13.877
cpe:2.3:a:openssl:openssl:3.0.0,CVE-2023-0466,5.3,MEDIUM,2023-03-28T15:15:06.880,2025-02-19T18:15:22.177
cpe:2.3:a:openssl:openssl:3.0.0,CVE-2023-1255,5.9,MEDIUM,2023-04-20T17:15:06.883,2025-02-04T22:15:39.327
cpe:2.3:a:openssl:openssl:3.0.0,CVE-2023-2650,6.5,MEDIUM,2023-05-30T14:15:09.683,2025-03-19T16:15:21.890
cpe:2.3:a:openssl:openssl:3.0.0,CVE-2023-2975,5.3,MEDIUM,2023-07-14T12:15:09.023,2025-04-23T17:16:32.467
cpe:2.3:a:openssl:openssl:3.0.0,CVE-2023-3817,5.3,MEDIUM,2023-07-31T16:15:10.497,2025-05-05T16:15:47.343
cpe:2.3:a:openssl:openssl:3.0.0,CVE-2023-4807,7.8,HIGH,2023-09-08T12:15:08.043,2025-04-23T17:16:47.073
cpe:2.3:a:openssl:openssl:3.0.0,CVE-2023-5363,7.5,HIGH,2023-10-25T18:17:43.613,2024-11-21T08:41:36.810
cpe:2.3:a:openssl:openssl:3.0.0,CVE-2023-5678,5.3,MEDIUM,2023-11-06T16:15:42.670,2024-11-21T08:42:15.573
cpe:2.3:a:openssl:openssl:3.0.0,CVE-2023-6129,6.5,MEDIUM,2024-01-09T17:15:12.147,2025-06-20T16:15:27.797
cpe:2.3:a:openssl:openssl:3.0.0,CVE-2024-0727,5.5,MEDIUM,2024-01-26T09:15:07.637,2025-05-29T16:15:31.960
cpe:2.3:a:openssl:openssl:3.0.0,CVE-2024-6119,7.5,HIGH,2024-09-03T16:15:07.177,2025-06-03T10:51:54.117
cpe:2.3:a:oracle:mysql:8.0.0,CVE-2013-1548,3.5,,2013-04-17T12:19:44.920,2025-04-11T00:51:21.963
cpe:2.3:a:oracle:mysql:8.0.0,CVE-2016-9840,8.8,HIGH,2017-05-23T04:29:01.667,2025-04-20T01:37:25.860
cpe:2.3:a:oracle:mysql:8.0.0,CVE-2016-9841,9.8,CRITICAL,2017-05-23T04:29:01.743,2025-04-20T01:37:25.860
cpe:2.3:a:oracle:mysql:8.0.0,CVE-2016-9842,8.8,HIGH,2017-05-23T04:29:01.837,2025-04-20T01:37:25.860
cpe:2.3:a:oracle:mysql:8.0.0,CVE-2016-9843,9.8,CRITICAL,2017-05-23T04:29:01.900,2025-04-20T01:37:25.860
cpe:2.3:a:oracle:mysql:8.0.0,CVE-2018-3054,4.9,MEDIUM,2018-07-18T13:29:07.460,2024-11-21T04:05:03.597
cpe:2.3:a:oracle:mysql:8.0.0,CVE-2018-3056,4.3,MEDIUM,2018-07-18T13:29:07.570,2024-11-21T04:05:03.880
cpe:2.3:a:oracle:mysql:8.0.0,CVE-2018-3060,6.5,MEDIUM,2018-07-18T13:29:07.693,2024-11-21T04:05:04.517
cpe:2.3:a:oracle:mysql:8.0.0,CVE-2018-3062,5.3,MEDIUM,2018-07-18T13:29:07.773,2024-11-21T04:05:04.847
cpe:2.3:a:oracle:mysql:8.0.0,CVE-2018-3064,7.1,HIGH,2018-07-18T13:29:07.867,2024-11-21T04:05:05.170
cpe:2.3:a:oracle:mysql:8.0.0,CVE-2018-3065,6.5,MEDIUM,2018-07-18T13:29:07.943,2024-11-21T04:05:05.340
cpe:2.3:a:oracle:mysql:8.0.0,CVE-2018-3067,4.9,MEDIUM,2018-07-18T13:29:08.053,2024-11-21T04:05:05.667
cpe:2.3:a:oracle:mysql:8.0.0,CVE-2018-3073,6.5,MEDIUM,2018-07-18T13:29:08.303,2024-11-21T04:05:06.577
cpe:2.3:a:oracle:mysql:8.0.0,CVE-2018-3074,5.3,MEDIUM,2018-07-18T13:29:08.350,2024-11-21T04:05:06.723
cpe:2.3:a:oracle:mysql:8.0.0,CVE-2018-3075,4.9,MEDIUM,2018-07-18T13:29:08.397,2024-11-21T04:05:06.867
cpe:2.3:a:oracle:mysql:8.0.0,CVE-2018-3077,4.9,MEDIUM,2018-07-18T13:29:08.490,2024-11-21T04:05:07.193
cpe:2.3:a:oracle:mysql:8.0.0,CVE-2018-3078,4.9,MEDIUM,2018-07-18T13:29:08.523,2024-11-21T04:05:07.373
cpe:2.3:a:oracle:mysql:8.0.0,CVE-2018-3079,4.9,MEDIUM,2018-07-18T13:29:08.587,2024-11-21T04:05:07.523
cpe:2.3:a:oracle:mysql:8.0.0,CVE-2018-3080,4.9,MEDIUM,2018-07-18T13:29:08.633,2024-11-21T04:05:07.680
cpe:2.3:a:oracle:mysql:8.0.0,CVE-2018-3081,5.0,MEDIUM,2018-07-18T13:29:08.677,2024-11-21T04:05:07.830
cpe:2.3:a:oracle:mysql:8.0.0,CVE-2018-3082,2.7,LOW,2018-07-18T13:29:08.727,2024-11-21T04:05:08.003
cpe:2.3:a:oracle:mysql:8.0.0,CVE-2018-3084,2.8,LOW,2018-07-18T13:29:08.773,2024-11-21T04:05:08.140
cpe:2.3:a:oracle:mysql:8.0.0,CVE-2018-3133,6.5,MEDIUM,2018-10-17T01:31:16.040,2024-11-21T04:05:13.600
cpe:2.3:a:oracle:mysql:8.0.0,CVE-2018-3137,6.5,MEDIUM,2018-10-17T01:31:16.400,2024-11-21T04:05:14.207
cpe:2.3:a:oracle:mysql:8.0.0,CVE-2018-3143,6.5,MEDIUM,2018-10-17T01:31:16.933,2024-11-21T04:05:15.093
cpe:2.3:a:oracle:mysql:8.0.0,CVE-2018-3144,5.9,MEDIUM,2018-10-17T01:31:17.027,2024-11-21T04:05:15.260
cpe:2.3:a:oracle:mysql:8.0.0,CVE-2018-3145,6.5,MEDIUM,2018-10-17T01:31:17.120,2024-11-21T04:05:16.787
cpe:2.3:a:oracle:mysql:8.0.0,CVE-2018-3155,7.7,HIGH,2018-10-17T01:31:18.073,2024-11-21T04:05:18.250
cpe:2.3:a:oracle:mysql:8.0.0,CVE-2018-3156,6.5,MEDIUM,2018-10-17T01:31:18.167,2024-11-21T04:05:18.410
cpe:2.3:a:oracle:mysql:8.0.0,CVE-2018-3161,4.9,MEDIUM,2018-10-17T01:31:18.637,2024-11-21T04:05:19.053
cpe:2.3:a:oracle:mysql:8.0.0,CVE-2018-3162,4.9,MEDIUM,2018-10-17T01:31:18.743,2024-11-21T04:05:19.187
cpe:2.3:a:oracle:mysql:8.0.0,CVE-2018-3170,4.9,MEDIUM,2018-10-17T01:31:19.463,2024-11-21T04:05:20.223
cpe:2.3:a:oracle:mysql:8.0.0,CVE-2018-3171,5.0,MEDIUM,2018-10-17T01:31:19.557,2024-11-21T04:05:20.353
cpe:2.3:a:oracle:mysql:8.0.0,CVE-2018-3173,4.9,MEDIUM,2018-10-17T01:31:19.743,2024-11-21T04:05:20.613
cpe:2.3:a:oracle:mysql:8.0.0,CVE-2018-3174,5.3,MEDIUM,2018-10-17T01:31:19.823,2024-11-21T04:05:20.750
cpe:2.3:a:oracle:mysql:8.0.0,CVE-2018-3182,6.5,MEDIUM,2018-10-17T01:31:20.587,2024-11-21T04:05:21.823
cpe:2.3:a:oracle:mysql:8.0.0,CVE-2018-3185,5.5,MEDIUM,2018-10-17T01:31:20.870,2024-11-21T04:05:22.270
cpe:2.3:a:oracle:mysql:8.0.0,CVE-2018-3186,4.9,MEDIUM,2018-10-17T01:31:20.963,2024-11-21T04:05:22.423
cpe:2.3:a:oracle:mysql:8.0.0,CVE-2018-3187,5.5,MEDIUM,2018-10-17T01:31:21.057,2024-11-21T04:05:22.567
cpe:2.3:a:oracle:mysql:8.0.0,CVE-2018-3195,5.5,MEDIUM,2018-10-17T01:31:21.807,2024-11-21T04:05:24.290
cpe:2.3:a:oracle:mysql:8.0.0,CVE-2018-3200,4.9,MEDIUM,2018-10-17T01:31:22.197,2024-11-21T04:05:24.920
cpe:2.3:a:oracle:mysql:8.0.0,CVE-2018-3203,6.5,MEDIUM,2018-10-17T01:31:22.480,2024-11-21T04:05:25.843
cpe:2.3:a:oracle:mysql:8.0.0,CVE-2018-3212,4.9,MEDIUM,2018-10-17T01:31:23.307,2024-11-21T04:05:27.207
cpe:2.3:a:oracle:mysql:8.0.0,CVE-2018-3247,5.5,MEDIUM,2018-10-17T01:31:26.260,2024-11-21T04:05:31.440
cpe:2.3:a:oracle:mysql:8.0.0,CVE-2018-3251,6.5,MEDIUM,2018-10-17T01:31:26.620,2024-11-21T04:05:32.000
cpe:2.3:a:oracle:mysql:8.0.0,CVE-2018-3276,4.9,MEDIUM,2018-10-17T01:31:28.730,2024-11-21T04:05:35.373
cpe:2.3:a:oracle:mysql:8.0.0,CVE-2018-3277,4.9,MEDIUM,2018-10-17T01:31:28.807,2024-11-21T04:05:35.520
cpe:2.3:a:oracle:mysql:8.0.0,CVE-2018-3278,4.9,MEDIUM,2018-10-17T01:31:28.900,2024-11-21T04:05:35.660
cpe:2.3:a:oracle:mysql:8.0.0,CVE-2018-3279,4.9,MEDIUM,2018-10-17T01:31:28.993,2024-11-21T04:05:35.790
cpe:2.3:a:oracle:mysql:8.0.0,CVE-2018-3280,4.9,MEDIUM,2018-10-17T01:31:29.087,2024-11-21T04:05:35.910
cpe:2.3:a:postgresql:postgresql:14.0,CVE-2009-2943,7.5,,2009-10-22T16:30:00.297,2025-04-09T00:30:58.490
cpe:2.3:a:postgresql:postgresql:14.0,CVE-2010-3781,6.0,,2010-10-06T21:00:01.430,2025-04-11T00:51:21.963
cpe:2.3:a:postgresql:postgresql:14.0,CVE-2021-23222,5.9,MEDIUM,2022-03-02T23:15:08.517,2024-11-21T05:51:23.930
cpe:2.3:a:postgresql:postgresql:14.0,CVE-2021-23214,8.1,HIGH,2022-03-04T16:15:08.293,2024-11-21T05:51:23.187
cpe:2.3:a:postgresql:postgresql:14.0,CVE-2022-2625,8.0,HIGH,2022-08-18T19:15:14.500,2024-11-21T07:01:23.017
cpe:2.3:a:postgresql:postgresql:14.0,CVE-2021-43767,5.9,MEDIUM,2022-08-25T18:15:09.377,2024-11-21T06:29:45.000
cpe:2.3:a:postgresql:postgresql:14.0,CVE-2022-1552,8.8,HIGH,2022-08-31T16:15:09.867,2024-11-21T06:40:57.223
cpe:2.3:a:postgresql:postgresql:14.0,CVE-2022-41862,3.7,LOW,2023-03-03T16:15:09.497,2025-03-07T16:15:36.247
cpe:2.3:a:postgresql:postgresql:14.0,CVE-2023-32305,8.8,HIGH,2023-05-12T19:15:08.953,2024-11-21T08:03:04.473
cpe:2.3:a:postgresql:postgresql:14.0,CVE-2023-2454,7.2,HIGH,2023-06-09T19:15:09.253,2025-01-06T18:15:13.670
cpe:2.3:a:postgresql:postgresql:14.0,CVE-2023-2455,5.4,MEDIUM,2023-06-09T19:15:09.313,2025-01-06T18:15:13.913
cpe:2.3:a:postgresql:postgresql:14.0,CVE-2023-39417,7.5,HIGH,2023-08-11T13:15:09.870,2024-11-21T08:15:22.817
cpe:2.3:a:postgresql:postgresql:14.0,CVE-2023-5868,4.3,MEDIUM,2023-12-10T18:15:07.163,2024-11-21T08:42:40.160
cpe:2.3:a:postgresql:postgresql:14.0,CVE-2023-5869,8.8,HIGH,2023-12-10T18:15:07.410,2024-11-21T08:42:40.427
cpe:2.3:a:postgresql:postgresql:14.0,CVE-2023-5870,2.2,LOW,2023-12-10T18:15:07.643,2024-11-21T08:42:40.697
cpe:2.3:a:postgresql:postgresql:14.0,CVE-2024-0985,8.0,HIGH,2024-02-08T13:15:08.927,2024-12-20T13:15:19.070
cpe:2.3:a:postgresql:postgresql:14.0,CVE-2024-4317,3.1,LOW,2024-05-14T15:43:16.473,2025-03-28T15:15:45.250
cpe:2.3:a:postgresql:postgresql:14.0,CVE-2024-7348,8.8,HIGH,2024-08-08T13:15:14.007,2024-11-21T09:51:20.720
cpe:2.3:a:postgresql:postgresql:14.0,CVE-2024-10976,4.2,MEDIUM,2024-11-14T13:15:03.793,2025-05-09T20:15:37.933
cpe:2.3:a:postgresql:postgresql:14.0,CVE-2024-10977,3.1,LOW,2024-11-14T13:15:04.023,2025-02-20T15:38:01.697
cpe:2.3:a:postgresql:postgresql:14.0,CVE-2024-10978,4.2,MEDIUM,2024-11-14T13:15:04.217,2025-02-20T15:41:14.847
cpe:2.3:a:postgresql:postgresql:14.0,CVE-2024-10979,8.8,HIGH,2024-11-14T13:15:04.407,2025-02-11T21:27:49.273
cpe:2.3:a:mongodb:mongodb:5.0.0,CVE-2014-8180,5.5,MEDIUM,2017-06-06T18:29:00.167,2025-04-20T01:37:25.860
cpe:2.3:a:mongodb:mongodb:5.0.0,CVE-2021-32037,6.5,MEDIUM,2021-11-24T16:15:13.593,2024-11-21T06:06:45.473
cpe:2.3:a:mongodb:mongodb:5.0.0,CVE-2021-32036,5.4,MEDIUM,2022-02-04T23:15:11.490,2024-11-21T06:06:45.330
cpe:2.3:a:mongodb:mongodb:5.0.0,CVE-2021-32040,6.5,MEDIUM,2022-04-12T15:15:07.707,2024-11-21T06:06:45.747
cpe:2.3:a:mongodb:mongodb:5.0.0,CVE-2022-24272,6.5,MEDIUM,2022-04-21T11:15:08.273,2024-11-21T06:50:04.663
cpe:2.3:a:mongodb:mongodb:5.0.0,CVE-2023-1409,5.3,MEDIUM,2023-08-23T16:15:08.167,2025-02-13T17:15:58.493
cpe:2.3:a:mongodb:mongodb:5.0.0,CVE-2024-1351,8.8,HIGH,2024-03-07T17:15:12.740,2025-03-11T16:56:35.430
cpe:2.3:a:mongodb:mongodb:5.0.0,CVE-2024-6375,5.4,MEDIUM,2024-07-01T15:15:17.430,2024-11-21T09:49:31.330
cpe:2.3:a:mongodb:mongodb:5.0.0,CVE-2024-7553,7.3,HIGH,2024-08-07T10:15:39.493,2024-09-19T20:46:04.103
cpe:2.3:a:mongodb:mongodb:5.0.0,CVE-2024-8207,6.4,MEDIUM,2024-08-27T12:15:04.227,2025-05-16T23:15:19.057
cpe:2.3:a:redis:redis:6.2.0,CVE-2021-32626,7.5,HIGH,2021-10-04T18:15:08.140,2024-11-21T06:07:24.403
cpe:2.3:a:redis:redis:6.2.0,CVE-2021-32627,7.5,HIGH,2021-10-04T18:15:08.353,2024-11-21T06:07:24.570
cpe:2.3:a:redis:redis:6.2.0,CVE-2021-32628,7.5,HIGH,2021-10-04T18:15:08.577,2024-11-21T06:07:24.730
cpe:2.3:a:redis:redis:6.2.0,CVE-2021-32672,5.3,MEDIUM,2021-10-04T18:15:08.780,2024-11-21T06:07:30.103
cpe:2.3:a:redis:redis:6.2.0,CVE-2021-32675,7.5,HIGH,2021-10-04T18:15:08.923,2024-11-21T06:07:30.460
cpe:2.3:a:redis:redis:6.2.0,CVE-2021-32687,7.5,HIGH,2021-10-04T18:15:08.980,2024-11-21T06:07:31.953
cpe:2.3:a:redis:redis:6.2.0,CVE-2021-32762,7.5,HIGH,2021-10-04T18:15:09.043,2024-11-21T06:07:41.363
cpe:2.3:a:redis:redis:6.2.0,CVE-2021-41099,7.5,HIGH,2021-10-04T18:15:09.493,2024-11-21T06:25:27.890
cpe:2.3:a:redis:redis:6.2.0,CVE-2022-24735,3.9,LOW,2022-04-27T20:15:09.730,2024-11-21T06:50:58.810
cpe:2.3:a:redis:redis:6.2.0,CVE-2022-24736,3.3,LOW,2022-04-27T20:15:09.857,2024-11-21T06:50:58.983
cpe:2.3:a:redis:redis:6.2.0,CVE-2022-3647,3.1,LOW,2022-10-21T18:15:10.183,2024-11-21T07:19:57.000
cpe:2.3:a:redis:redis:6.2.0,CVE-2022-35977,5.5,MEDIUM,2023-01-20T19:15:14.470,2024-11-21T07:12:05.760
cpe:2.3:a:redis:redis:6.2.0,CVE-2023-22458,5.5,MEDIUM,2023-01-20T19:15:17.917,2024-11-21T07:44:50.810
cpe:2.3:a:redis:redis:6.2.0,CVE-2022-36021,5.5,MEDIUM,2023-03-01T16:15:09.400,2024-11-21T07:12:12.090
cpe:2.3:a:redis:redis:6.2.0,CVE-2023-25155,5.5,MEDIUM,2023-03-02T04:15:10.807,2024-11-21T07:49:12.907
cpe:2.3:a:redis:redis:6.2.0,CVE-2023-28856,5.5,MEDIUM,2023-04-18T21:15:09.313,2024-11-21T07:56:10.077
cpe:2.3:a:redis:redis:6.2.0,CVE-2022-24834,7.0,HIGH,2023-07-13T15:15:08.817,2024-11-21T06:51:12.103
cpe:2.3:a:redis:redis:6.2.0,CVE-2023-45145,3.6,LOW,2023-10-18T21:15:09.560,2024-11-21T08:26:26.370
cpe:2.3:a:python:python:3.10.0,CVE-2007-4559,9.8,CRITICAL,2007-08-28T01:17:00.000,2025-04-09T00:30:58.490
cpe:2.3:a:python:python:3.10.0,CVE-2009-2940,7.5,,2009-10-22T16:30:00.250,2025-04-09T00:30:58.490
cpe:2.3:a:python:python:3.10.0,CVE-2009-3720,5.0,,2009-11-03T16:30:12.563,2025-04-09T00:30:58.490
cpe:2.3:a:python:python:3.10.0,CVE-2016-3189,6.5,MEDIUM,2016-06-30T17:59:01.470,2025-06-09T16:15:25.307
cpe:2.3:a:python:python:3.10.0,CVE-2019-12900,9.8,CRITICAL,2019-06-19T23:15:09.910,2025-06-09T16:15:29.623
cpe:2.3:a:python:python:3.10.0,CVE-2020-29396,8.8,HIGH,2020-12-22T17:15:13.550,2024-11-21T05:23:59.430
cpe:2.3:a:python:python:3.10.0,CVE-2021-32052,6.1,MEDIUM,2021-05-06T16:15:07.520,2024-11-21T06:06:46.180
cpe:2.3:a:python:python:3.10.0,CVE-2022-26488,7.0,HIGH,2022-03-10T17:47:45.383,2024-11-21T06:54:02.590
cpe:2.3:a:python:python:3.10.0,CVE-2018-25032,7.5,HIGH,2022-03-25T09:15:08.187,2025-05-06T15:15:54.753
cpe:2.3:a:python:python:3.10.0,CVE-2015-20107,7.6,HIGH,2022-04-13T16:15:08.937,2024-11-21T02:26:33.447
cpe:2.3:a:python:python:3.10.0,CVE-2021-28861,7.4,HIGH,2022-08-23T01:15:07.617,2024-11-21T06:00:20.623
cpe:2.3:a:python:python:3.10.0,CVE-2020-10735,7.5,HIGH,2022-09-09T14:15:08.660,2024-11-21T04:55:57.717
cpe:2.3:a:python:python:3.10.0,CVE-2022-37454,9.8,CRITICAL,2022-10-21T06:15:09.333,2025-05-08T15:15:47.043
cpe:2.3:a:python:python:3.10.0,CVE-2022-42919,7.8,HIGH,2022-11-07T00:15:09.697,2025-05-02T19:15:54.610
cpe:2.3:a:python:python:3.10.0,CVE-2022-45061,7.5,HIGH,2022-11-09T07:15:09.887,2025-05-01T15:15:58.423
cpe:2.3:a:python:python:3.10.0,CVE-2023-24329,7.5,HIGH,2023-02-17T15:15:12.243,2025-03-18T17:15:41.693
cpe:2.3:a:python:python:3.10.0,CVE-2023-27043,5.3,MEDIUM,2023-04-19T00:15:07.973,2025-05-19T12:38:20.773
cpe:2.3:a:python:python:3.10.0,CVE-2023-36632,7.5,HIGH,2023-06-25T18:15:09.313,2024-11-21T08:10:07.813
cpe:2.3:a:python:python:3.10.0,CVE-2023-40217,5.3,MEDIUM,2023-08-25T01:15:09.017,2024-11-21T08:19:01.303
cpe:2.3:a:python:python:3.10.0,CVE-2024-7592,7.5,HIGH,2024-08-19T19:15:08.180,2025-02-05T21:13:47.837
cpe:2.3:a:python:python:3.10.0,CVE-2024-6232,7.5,HIGH,2024-09-03T13:15:05.363,2025-03-20T18:15:18.197
cpe:2.3:a:python:python:3.10.0,CVE-2024-9287,7.8,HIGH,2024-10-22T17:15:06.697,2025-04-25T23:15:16.573
cpe:2.3:a:php:php:8.1.0,CVE-2007-3205,5.0,,2007-06-13T10:30:00.000,2025-04-09T00:30:58.490
cpe:2.3:a:php:php:8.1.0,CVE-2013-2220,7.5,,2013-07-31T13:20:27.423,2025-04-11T00:51:21.963
cpe:2.3:a:php:php:8.1.0,CVE-2017-9118,7.5,HIGH,2018-08-02T15:29:00.230,2024-11-21T03:35:21.783
cpe:2.3:a:php:php:8.1.0,CVE-2021-21708,8.2,HIGH,2022-02-27T08:15:06.817,2024-11-21T05:48:52.737
cpe:2.3:a:php:php:8.1.0,CVE-2022-31625,8.1,HIGH,2022-06-16T06:15:08.623,2024-11-21T07:04:52.873
cpe:2.3:a:php:php:8.1.0,CVE-2022-31626,7.5,HIGH,2022-06-16T06:15:08.807,2024-11-21T07:04:53.017
cpe:2.3:a:php:php:8.1.0,CVE-2022-31627,7.7,HIGH,2022-07-28T06:15:07.547,2024-11-21T07:04:53.160
cpe:2.3:a:php:php:8.1.0,CVE-2022-31628,2.3,LOW,2022-09-28T23:15:09.497,2024-11-21T07:04:53.293
cpe:2.3:a:php:php:8.1.0,CVE-2022-31629,6.5,MEDIUM,2022-09-28T23:15:10.540,2024-11-21T07:04:53.460
cpe:2.3:a:php:php:8.1.0,CVE-2022-37454,9.8,CRITICAL,2022-10-21T06:15:09.333,2025-05-08T15:15:47.043
cpe:2.3:a:php:php:8.1.0,CVE-2022-31630,6.5,MEDIUM,2022-11-14T07:15:09.467,2024-11-21T07:04:53.693
cpe:2.3:a:php:php:8.1.0,CVE-2023-0568,7.5,HIGH,2023-02-16T07:15:10.327,2025-02-13T17:15:55.913
cpe:2.3:a:php:php:8.1.0,CVE-2023-0662,7.5,HIGH,2023-02-16T07:15:10.577,2025-02-13T17:15:56.090
cpe:2.3:a:php:php:8.1.0,CVE-2023-0567,7.7,HIGH,2023-03-01T08:15:11.530,2024-11-21T07:37:24.913
cpe:2.3:a:php:php:8.1.0,CVE-2023-3247,2.6,LOW,2023-07-22T05:15:37.460,2024-11-21T08:16:47.640
cpe:2.3:a:php:php:8.1.0,CVE-2023-3823,8.6,HIGH,2023-08-11T06:15:09.283,2025-02-13T17:16:59.300
cpe:2.3:a:php:php:8.1.0,CVE-2023-3824,9.4,CRITICAL,2023-08-11T06:15:10.560,2025-02-13T17:16:59.457
cpe:2.3:a:php:php:8.1.0,CVE-2024-3566,9.8,CRITICAL,2024-04-10T16:15:16.083,2025-06-25T20:24:12.743
cpe:2.3:a:php:php:8.1.0,CVE-2024-1874,9.4,CRITICAL,2024-04-29T04:15:07.580,2025-06-18T21:12:24.433
cpe:2.3:a:php:php:8.1.0,CVE-2024-3096,6.5,MEDIUM,2024-04-29T04:15:08.350,2025-06-18T21:10:50.310
cpe:2.3:a:php:php:8.1.0,CVE-2024-5458,5.3,MEDIUM,2024-06-09T19:15:52.397,2025-03-14T15:15:44.633
cpe:2.3:a:php:php:8.1.0,CVE-2024-5585,7.7,HIGH,2024-06-09T19:15:52.597,2024-11-21T09:47:58.357
cpe:2.3:a:php:php:8.1.0,CVE-2024-2408,5.9,MEDIUM,2024-06-09T20:15:09.270,2025-03-21T18:15:32.457
cpe:2.3:a:php:php:8.1.0,CVE-2024-4577,9.8,CRITICAL,2024-06-09T20:15:09.550,2025-03-28T15:12:44.513
cpe:2.3:a:php:php:8.1.0,CVE-2024-8932,9.8,CRITICAL,2024-11-22T06:15:20.197,2025-07-02T20:08:35.010
cpe:2.3:a:php:php:8.1.0,CVE-2024-8929,5.8,MEDIUM,2024-11-22T07:15:03.447,2025-07-02T20:11:20.063
cpe:2.3:a:php:php:8.1.0,CVE-2024-11234,4.8,MEDIUM,2024-11-24T01:15:03.987,2024-11-26T19:06:10.243
cpe:2.3:a:php:php:8.1.0,CVE-2024-11236,9.8,CRITICAL,2024-11-24T01:15:04.387,2024-11-26T18:29:05.820
cpe:2.3:a:php:php:8.1.0,CVE-2024-11233,4.8,MEDIUM,2024-11-24T02:15:16.030,2024-11-26T18:26:37.783
cpe:2.3:a:php:php:8.1.0,CVE-2022-31631,9.1,CRITICAL,2025-02-12T22:15:29.007,2025-07-02T21:35:56.150
cpe:2.3:a:php:php:8.1.0,CVE-2025-1217,3.1,LOW,2025-03-29T06:15:36.557,2025-05-23T14:15:25.767
cpe:2.3:a:php:php:8.1.0,CVE-2025-1219,5.3,MEDIUM,2025-03-30T06:15:13.570,2025-05-23T14:15:25.950
cpe:2.3:a:php:php:8.1.0,CVE-2025-1734,5.3,MEDIUM,2025-03-30T06:15:14.603,2025-07-02T20:13:31.447
cpe:2.3:a:php:php:8.1.0,CVE-2025-1736,7.3,HIGH,2025-03-30T06:15:14.803,2025-07-02T20:14:40.817
cpe:2.3:a:php:php:8.1.0,CVE-2025-1861,9.8,CRITICAL,2025-03-30T06:15:14.957,2025-07-02T20:17:38.193
cpe:2.3:a:php:php:8.1.0,CVE-2025-6491,5.9,MEDIUM,2025-07-13T22:15:23.353,2025-07-22T16:51:04.830
cpe:2.3:a:php:php:8.1.0,CVE-2025-1220,3.7,LOW,2025-07-13T23:15:22.773,2025-07-22T17:01:01.840
cpe:2.3:a:php:php:8.1.0,CVE-2025-1735,5.9,MEDIUM,2025-07-13T23:15:22.940,2025-07-22T17:04:53.723
cpe:2.3:a:jenkins:jenkins:2.346.0,CVE-2022-34172,5.4,MEDIUM,2022-06-23T17:15:15.383,2024-11-21T07:08:59.950
cpe:2.3:a:jenkins:jenkins:2.346.0,CVE-2022-34173,5.4,MEDIUM,2022-06-23T17:15:15.447,2024-11-21T07:09:00.063
cpe:2.3:a:jenkins:jenkins:2.346.0,CVE-2022-34175,7.5,HIGH,2022-06-23T17:15:15.563,2024-11-21T07:09:00.333
cpe:2.3:a:kubernetes:kubernetes:1.24.0,CVE-2020-8554,6.3,MEDIUM,2021-01-21T17:15:13.843,2024-11-21T05:39:01.370
cpe:2.3:a:kubernetes:kubernetes:1.24.0,CVE-2022-3162,6.5,MEDIUM,2023-03-01T19:15:25.457,2024-11-21T07:18:57.453
cpe:2.3:a:kubernetes:kubernetes:1.24.0,CVE-2022-3294,6.6,MEDIUM,2023-03-01T19:15:25.570,2024-11-21T07:19:14.187
cpe:2.3:a:kubernetes:kubernetes:1.24.0,CVE-2021-25749,7.8,HIGH,2023-05-24T17:15:09.413,2024-11-21T05:55:20.517
cpe:2.3:a:kubernetes:kubernetes:1.24.0,CVE-2023-2431,3.4,LOW,2023-06-16T08:15:08.770,2024-12-12T16:15:07.937
cpe:2.3:a:kubernetes:kubernetes:1.24.0,CVE-2023-2727,6.5,MEDIUM,2023-07-03T21:15:09.480,2025-02-13T17:16:22.307
cpe:2.3:a:kubernetes:kubernetes:1.24.0,CVE-2023-2728,6.5,MEDIUM,2023-07-03T21:15:09.557,2025-02-13T17:16:22.447
cpe:2.3:a:kubernetes:kubernetes:1.24.0,CVE-2023-3676,8.8,HIGH,2023-10-31T21:15:08.550,2025-02-13T17:16:58.203
cpe:2.3:a:kubernetes:kubernetes:1.24.0,CVE-2023-3955,8.8,HIGH,2023-10-31T21:15:08.613,2025-02-13T17:17:00.000
cpe:2.3:a:kubernetes:kubernetes:1.24.0,CVE-2023-5528,7.2,HIGH,2023-11-14T21:15:14.123,2025-01-03T19:42:12.633
cpe:2.3:a:hashicorp:vault:1.11.0,CVE-2023-4680,6.8,MEDIUM,2023-09-15T00:15:07.967,2024-11-21T08:35:40.467
cpe:2.3:a:hashicorp:vault:1.11.0,CVE-2023-6337,7.5,HIGH,2023-12-08T22:15:07.713,2025-02-13T18:16:08.143
